{"count":1,"self":224.4457984,"total":226.1793846,"children":{"InitializeActuators":{"count":1,"self":0.0019878,"total":0.0019878,"children":null},"InitializeSensors":{"count":1,"self":0.001999,"total":0.001999,"children":null},"AgentSendState":{"count":10925,"self":0.12207159999999999,"total":0.26143869999999997,"children":{"CollectObservations":{"count":2764,"self":0.11041369999999999,"total":0.11041369999999999,"children":null},"WriteActionMask":{"count":2764,"self":0.0049816,"total":0.0049816,"children":null},"RequestDecision":{"count":2764,"self":0.023971799999999998,"total":0.023971799999999998,"children":null}}},"DecideAction":{"count":10925,"self":1.3132629999999998,"total":1.3182593,"children":{"RayPerceptionSensor.Perceive":{"count":2764,"self":0.0049962999999999995,"total":0.0049962999999999995,"children":null}}},"AgentAct":{"count":10925,"self":0.14890399999999998,"total":0.14890399999999998,"children":null}},"gauges":{"THbot.CumulativeReward":{"count":2,"max":1321.68628,"min":-84.11475,"runningAverage":618.785767,"value":1321.68628,"weightedAverage":267.3355}},"metadata":{"timer_format_version":"0.1.0","start_time_seconds":"1656241652","unity_version":"2020.3.30f1","command_line_arguments":"C:\\Program Files\\Unity\\Hub\\Editor\\2020.3.30f1\\Editor\\Unity.exe -projectpath C:\/Users\/groun\/Downloads\/workspace\/RagdollTrainer-main\/RagdollTrainer-main -useHub -hubIPC -cloudEnvironment production -hubSessionId 6f7dea70-f529-11ec-ae1a-739a908d24f2 -accessToken 4Qa_w3U_TNxIm_K-MH-nkaGb6UX9YwVTAaGBqnifyVg00df","communication_protocol_version":"1.5.0","com.unity.ml-agents_version":"2.0.1","scene_name":"My4","end_time_seconds":"1656241878"}}